Song Name,Key,BPM,Energy
Drink Education,G,127,3
Synthesize Dust,Bbm,122,4
Integrate Toothbrush,Abm,93,6
Appear Thread,Gbm,100,6
Sound Group,Fm,92,5
Bruise Light,Em,129,7
Control Jeans,Dbm,130,5
Flood Believe,E,128,6
Choke Blood,Gb,97,7
Jog Wilderness,Cm,122,6
End Thunder,Dm,126,4
Key Secretary,A,91,7
Theory Geese,Db,122,7
Shame Thing,Abm,105,5
Hearing Limit,Bbm,129,6
Believe Manager,A,89,3
Cakes Expansion,Em,128,7
Protest Minister,Eb,130,5
Sugar Queen,Ab,108,6
Name Cannon,Cm,122,4
Carriage Coil,Dm,120,3
Cow Calendar,Em,95,6
Process Pail,Eb,133,4
Comb Company,Bb,123,6
Invention Invention,Db,124,7
Salt Sand,A,104,5
Home Hot,Cm,128,6
Salt Suit,B,108,4
Basket Berry,Em,98,7
Apparel Afterthought,Db,106,4
Stereo Society,A,126,7
Baron Book,Gm,117,4
Rodeo Ritual,Abm,115,5
Powder Private,Bbm,122,5
Marion Marble,Fm,135,7
Album Alice,Eb,126,5
Spring Smoke,Db,99,4
Garden Gondola,Fm,117,6
Double Dynamic,Ab,109,8
Pioneer Phantom,E,93,3
Candle Chant,Dm,128,4
Night Havana,Em,106,5
Scorpio Mercury,Eb,122,7
Sweden Detail,D,109,5
Celtic Buzzer,D,96,6
Ritual Region,Gm,122,6
Bingo Rover,Ab,101,7
Poetic Spend,B,130,6
Tropic Freddie,Cm,125,8
Torpedo Mary,Db,122,5
Talented Key,C,113,6
Nice Sneeze,C,96,4
Exclusive Question,Fm,135,7
White Birthday,Gm,126,7
Lush Question,Eb,107,4
Eminent Oatmeal,G,108,6
Quick Bait,E,128,5
Efficacious Print,Bm,99,6
Bouncy Morning,Em,110,5
Excellent Porter,Ebm,111,5
Crawl Crime,Eb,113,7
Bore Birthday,Gb,124,6
Greet Grade,Gbm,127,8
Regulate Reading,E,120,7
Bring Bag,F,126,5
Display Dress,Gb,106,4
Receive Run,Cm,94,6
Suit Spiders,Dm,121,7
Choose Cable,Ebm,114,6
Praised Payment,Gb,121,6
Wholesale Week,Db,95,7
Curvy Collar,Dm,126,4
Bizarre Bird,Am,102,7
Honorable Horn,Gbm,127,8
Old-Fashioned Oranges,Eb,94,7
Repulsive Rake,Dm,90,6
Giant Garden,Bbm,122,5
Macabre Match,Ebm,124,6
Shiny Scarf,Am,102,7
Messy Move,Fm,97,3
Shadow Ship,Cm,125,7
Secure Spain,Am,122,6
Happy History,Bm,109,5
Salsa Solid,D,98,3
Courage Corner,G,127,7
Bread Biology,Abm,114,6
Solar Solo,E/B,100,5
Cuba Candid,Gb,126,4
Absorb Airline,Ebm,126,6
Service Special,Fm,92,7
Amadeus Emerald,Gm,126,6
Freddie Falcon,Db,124,7
Editor Alarm,F,110,7
Barbara Avatar,Cm,105,4
Blonde Tribune,Cm,100,7
Dream Sharp,A,95,3
Manila Address,Eb,91,6
Rapid Lecture,Fm,93,4
Thing Flame,Gbm,96,8
Vest Copper,Fm,112,8
Cheese Hate,Em,118,4
Friends Bone,Dm,100,5
Reward Dogs,Bm,103,6
House Middle,Abm,111,7
Dissertation Food,Cm,105,6
Sort Toad,Eb,99,5
Circle Skin,Gb,102,6
Lunchroom Creature,Bm,109,3
Question Walk,Em,119,5
Auto Sheep,A,107,5
Chemical Tailor,B,101,8
Fire Classroom,Fm,101,5
Apple Vehicle,Gb,99,6
Tired Wallet,Ebm,103,6